image_id,image_path,grade,size_quality,color_quality,texture_quality,broken_level,light_berry_level,pinhead_level,foreign_matter_visible,mould_visible,insect_damage_visible
IMG_000001,data/raw/berry_images/grade_1/sample_001/20260508_152150.jpg,Grade 1,unknown,unknown,unknown,unknown,unknown,unknown,unknown,unknown,unknown
IMG_000002,data/raw/berry_images/grade_1/sample_001/20260508_152214.jpg,Grade 1,unknown,unknown,unknown,unknown,unknown,unknown,unknown,unknown,unknown
IMG_000003,data/raw/berry_images/grade_1/sample_001/20260508_152238.jpg,Grade 1,unknown,unknown,unknown,unknown,unknown,unknown,unknown,unknown,unknown
IMG_000004,data/raw/berry_images/grade_1/sample_001/20260508_152445.jpg,Grade 1,unknown,unknown,unknown,unknown,unknown,unknown,unknown,unknown,unknown
IMG_000005,data/raw/berry_images/grade_1/sample_002/20260508_152537.jpg,Grade 1,unknown,unknown,unknown,unknown,unknown,unknown,unknown,unknown,unknown
IMG_000006,data/raw/berry_images/grade_1/sample_002/20260508_152630.jpg,Grade 1,unknown,unknown,unknown,unknown,unknown,unknown,unknown,unknown,unknown
IMG_000007,data/raw/berry_images/grade_1/sample_002/20260508_152707.jpg,Grade 1,unknown,unknown,unknown,unknown,unknown,unknown,unknown,unknown,unknown
IMG_000008,data/raw/berry_images/grade_1/sample_002/20260508_152716.jpg,Grade 1,unknown,unknown,unknown,unknown,unknown,unknown,unknown,unknown,unknown
IMG_000009,data/raw/berry_images/grade_1/sample_002/20260508_152835.jpg,Grade 1,unknown,unknown,unknown,unknown,unknown,unknown,unknown,unknown,unknown
IMG_000010,data/raw/berry_images/grade_1/sample_003/20260508_152901.jpg,Grade 1,unknown,unknown,unknown,unknown,unknown,unknown,unknown,unknown,unknown
IMG_000011,data/raw/berry_images/grade_1/sample_003/20260508_153025.jpg,Grade 1,unknown,unknown,unknown,unknown,unknown,unknown,unknown,unknown,unknown
IMG_000012,data/raw/berry_images/grade_1/sample_003/20260508_153102.jpg,Grade 1,unknown,unknown,unknown,unknown,unknown,unknown,unknown,unknown,unknown
IMG_000013,data/raw/berry_images/grade_1/sample_003/20260508_153140.jpg,Grade 1,unknown,unknown,unknown,unknown,unknown,unknown,unknown,unknown,unknown
IMG_000014,data/raw/berry_images/grade_1/sample_004/20260508_153218.jpg,Grade 1,unknown,unknown,unknown,unknown,unknown,unknown,unknown,unknown,unknown
IMG_000015,data/raw/berry_images/grade_1/sample_004/20260508_153312.jpg,Grade 1,unknown,unknown,unknown,unknown,unknown,unknown,unknown,unknown,unknown
IMG_000016,data/raw/berry_images/grade_1/sample_004/20260508_153348.jpg,Grade 1,unknown,unknown,unknown,unknown,unknown,unknown,unknown,unknown,unknown
IMG_000017,data/raw/berry_images/grade_1/sample_004/20260508_153423.jpg,Grade 1,unknown,unknown,unknown,unknown,unknown,unknown,unknown,unknown,unknown
IMG_000018,data/raw/berry_images/grade_1/sample_005/20260508_153514.jpg,Grade 1,unknown,unknown,unknown,unknown,unknown,unknown,unknown,unknown,unknown
IMG_000019,data/raw/berry_images/grade_1/sample_005/20260508_153531.jpg,Grade 1,unknown,unknown,unknown,unknown,unknown,unknown,unknown,unknown,unknown
IMG_000020,data/raw/berry_images/grade_1/sample_005/20260508_153558.jpg,Grade 1,unknown,unknown,unknown,unknown,unknown,unknown,unknown,unknown,unknown
IMG_000021,data/raw/berry_images/grade_1/sample_005/20260508_153635.jpg,Grade 1,unknown,unknown,unknown,unknown,unknown,unknown,unknown,unknown,unknown
IMG_000022,data/raw/berry_images/grade_1/sample_006/20260508_153716.jpg,Grade 1,unknown,unknown,unknown,unknown,unknown,unknown,unknown,unknown,unknown
IMG_000023,data/raw/berry_images/grade_1/sample_006/20260508_153805.jpg,Grade 1,unknown,unknown,unknown,unknown,unknown,unknown,unknown,unknown,unknown
IMG_000024,data/raw/berry_images/grade_1/sample_006/20260508_153811.jpg,Grade 1,unknown,unknown,unknown,unknown,unknown,unknown,unknown,unknown,unknown
IMG_000025,data/raw/berry_images/grade_1/sample_006/20260508_153933.jpg,Grade 1,unknown,unknown,unknown,unknown,unknown,unknown,unknown,unknown,unknown
IMG_000026,data/raw/berry_images/grade_1/sample_007/20260508_154024.jpg,Grade 1,unknown,unknown,unknown,unknown,unknown,unknown,unknown,unknown,unknown
IMG_000027,data/raw/berry_images/grade_1/sample_007/20260508_154049.jpg,Grade 1,unknown,unknown,unknown,unknown,unknown,unknown,unknown,unknown,unknown
IMG_000028,data/raw/berry_images/grade_1/sample_007/20260508_154116.jpg,Grade 1,unknown,unknown,unknown,unknown,unknown,unknown,unknown,unknown,unknown
IMG_000029,data/raw/berry_images/grade_1/sample_007/20260508_154150.jpg,Grade 1,unknown,unknown,unknown,unknown,unknown,unknown,unknown,unknown,unknown
IMG_000030,data/raw/berry_images/grade_1/sample_008/20260508_154240.jpg,Grade 1,unknown,unknown,unknown,unknown,unknown,unknown,unknown,unknown,unknown
IMG_000031,data/raw/berry_images/grade_1/sample_008/20260508_154315.jpg,Grade 1,unknown,unknown,unknown,unknown,unknown,unknown,unknown,unknown,unknown
IMG_000032,data/raw/berry_images/grade_1/sample_008/20260508_154350.jpg,Grade 1,unknown,unknown,unknown,unknown,unknown,unknown,unknown,unknown,unknown
IMG_000033,data/raw/berry_images/grade_1/sample_008/20260508_154436.jpg,Grade 1,unknown,unknown,unknown,unknown,unknown,unknown,unknown,unknown,unknown
IMG_000034,data/raw/berry_images/grade_1/sample_009/20260508_154516.jpg,Grade 1,unknown,unknown,unknown,unknown,unknown,unknown,unknown,unknown,unknown
IMG_000035,data/raw/berry_images/grade_1/sample_009/20260508_154544.jpg,Grade 1,unknown,unknown,unknown,unknown,unknown,unknown,unknown,unknown,unknown
IMG_000036,data/raw/berry_images/grade_1/sample_009/20260508_154615.jpg,Grade 1,unknown,unknown,unknown,unknown,unknown,unknown,unknown,unknown,unknown
IMG_000037,data/raw/berry_images/grade_1/sample_009/20260508_154648.jpg,Grade 1,unknown,unknown,unknown,unknown,unknown,unknown,unknown,unknown,unknown
IMG_000038,data/raw/berry_images/grade_1/sample_010/20260508_154731.jpg,Grade 1,unknown,unknown,unknown,unknown,unknown,unknown,unknown,unknown,unknown
IMG_000039,data/raw/berry_images/grade_1/sample_010/20260508_154854.jpg,Grade 1,unknown,unknown,unknown,unknown,unknown,unknown,unknown,unknown,unknown
IMG_000040,data/raw/berry_images/grade_1/sample_010/20260508_154934.jpg,Grade 1,unknown,unknown,unknown,unknown,unknown,unknown,unknown,unknown,unknown
IMG_000041,data/raw/berry_images/grade_1/sample_010/20260508_155016.jpg,Grade 1,unknown,unknown,unknown,unknown,unknown,unknown,unknown,unknown,unknown
IMG_000042,data/raw/berry_images/grade_1/sample_011/20260508_155056.jpg,Grade 1,unknown,unknown,unknown,unknown,unknown,unknown,unknown,unknown,unknown
IMG_000043,data/raw/berry_images/grade_1/sample_011/20260508_155134.jpg,Grade 1,unknown,unknown,unknown,unknown,unknown,unknown,unknown,unknown,unknown
IMG_000044,data/raw/berry_images/grade_1/sample_011/20260508_155207.jpg,Grade 1,unknown,unknown,unknown,unknown,unknown,unknown,unknown,unknown,unknown
IMG_000045,data/raw/berry_images/grade_1/sample_011/20260508_155237.jpg,Grade 1,unknown,unknown,unknown,unknown,unknown,unknown,unknown,unknown,unknown
IMG_000046,data/raw/berry_images/grade_1/sample_012/20260508_155333.jpg,Grade 1,unknown,unknown,unknown,unknown,unknown,unknown,unknown,unknown,unknown
IMG_000047,data/raw/berry_images/grade_1/sample_012/20260508_155356.jpg,Grade 1,unknown,unknown,unknown,unknown,unknown,unknown,unknown,unknown,unknown
IMG_000048,data/raw/berry_images/grade_1/sample_012/20260508_155426.jpg,Grade 1,unknown,unknown,unknown,unknown,unknown,unknown,unknown,unknown,unknown
IMG_000049,data/raw/berry_images/grade_1/sample_012/20260508_155524.jpg,Grade 1,unknown,unknown,unknown,unknown,unknown,unknown,unknown,unknown,unknown
IMG_000050,data/raw/berry_images/grade_1/sample_013/20260508_155609.jpg,Grade 1,unknown,unknown,unknown,unknown,unknown,unknown,unknown,unknown,unknown
IMG_000051,data/raw/berry_images/grade_1/sample_013/20260508_155644.jpg,Grade 1,unknown,unknown,unknown,unknown,unknown,unknown,unknown,unknown,unknown
IMG_000052,data/raw/berry_images/grade_1/sample_013/20260508_155708.jpg,Grade 1,unknown,unknown,unknown,unknown,unknown,unknown,unknown,unknown,unknown
IMG_000053,data/raw/berry_images/grade_1/sample_013/20260508_155742.jpg,Grade 1,unknown,unknown,unknown,unknown,unknown,unknown,unknown,unknown,unknown
IMG_000054,data/raw/berry_images/grade_1/sample_014/20260508_155809.jpg,Grade 1,unknown,unknown,unknown,unknown,unknown,unknown,unknown,unknown,unknown
IMG_000055,data/raw/berry_images/grade_1/sample_014/20260508_155845.jpg,Grade 1,unknown,unknown,unknown,unknown,unknown,unknown,unknown,unknown,unknown
IMG_000056,data/raw/berry_images/grade_1/sample_014/20260508_155931.jpg,Grade 1,unknown,unknown,unknown,unknown,unknown,unknown,unknown,unknown,unknown
IMG_000057,data/raw/berry_images/grade_1/sample_014/20260508_155949.jpg,Grade 1,unknown,unknown,unknown,unknown,unknown,unknown,unknown,unknown,unknown
IMG_000058,data/raw/berry_images/grade_1/sample_015/20260508_160032.jpg,Grade 1,unknown,unknown,unknown,unknown,unknown,unknown,unknown,unknown,unknown
IMG_000059,data/raw/berry_images/grade_1/sample_015/20260508_160054.jpg,Grade 1,unknown,unknown,unknown,unknown,unknown,unknown,unknown,unknown,unknown
IMG_000060,data/raw/berry_images/grade_1/sample_015/20260508_160134.jpg,Grade 1,unknown,unknown,unknown,unknown,unknown,unknown,unknown,unknown,unknown
IMG_000061,data/raw/berry_images/grade_1/sample_015/20260508_160207.jpg,Grade 1,unknown,unknown,unknown,unknown,unknown,unknown,unknown,unknown,unknown
IMG_000062,data/raw/berry_images/grade_1/sample_016/20260508_160244.jpg,Grade 1,unknown,unknown,unknown,unknown,unknown,unknown,unknown,unknown,unknown
IMG_000063,data/raw/berry_images/grade_1/sample_016/20260508_160321.jpg,Grade 1,unknown,unknown,unknown,unknown,unknown,unknown,unknown,unknown,unknown
IMG_000064,data/raw/berry_images/grade_1/sample_016/20260508_160357.jpg,Grade 1,unknown,unknown,unknown,unknown,unknown,unknown,unknown,unknown,unknown
IMG_000065,data/raw/berry_images/grade_1/sample_016/20260508_160448.jpg,Grade 1,unknown,unknown,unknown,unknown,unknown,unknown,unknown,unknown,unknown
IMG_000066,data/raw/berry_images/grade_1/sample_017/20260508_160522.jpg,Grade 1,unknown,unknown,unknown,unknown,unknown,unknown,unknown,unknown,unknown
IMG_000067,data/raw/berry_images/grade_1/sample_017/20260508_160550.jpg,Grade 1,unknown,unknown,unknown,unknown,unknown,unknown,unknown,unknown,unknown
IMG_000068,data/raw/berry_images/grade_1/sample_017/20260508_160657.jpg,Grade 1,unknown,unknown,unknown,unknown,unknown,unknown,unknown,unknown,unknown
IMG_000069,data/raw/berry_images/grade_1/sample_017/20260508_160725.jpg,Grade 1,unknown,unknown,unknown,unknown,unknown,unknown,unknown,unknown,unknown
IMG_000070,data/raw/berry_images/grade_1/sample_018/20260508_160758.jpg,Grade 1,unknown,unknown,unknown,unknown,unknown,unknown,unknown,unknown,unknown
IMG_000071,data/raw/berry_images/grade_1/sample_018/20260508_160831.jpg,Grade 1,unknown,unknown,unknown,unknown,unknown,unknown,unknown,unknown,unknown
IMG_000072,data/raw/berry_images/grade_1/sample_018/20260508_160921.jpg,Grade 1,unknown,unknown,unknown,unknown,unknown,unknown,unknown,unknown,unknown
IMG_000073,data/raw/berry_images/grade_1/sample_018/20260508_160958.jpg,Grade 1,unknown,unknown,unknown,unknown,unknown,unknown,unknown,unknown,unknown
IMG_000074,data/raw/berry_images/grade_1/sample_018/20260508_161001.jpg,Grade 1,unknown,unknown,unknown,unknown,unknown,unknown,unknown,unknown,unknown
IMG_000075,data/raw/berry_images/grade_1/sample_019/20260508_165531.jpg,Grade 1,unknown,unknown,unknown,unknown,unknown,unknown,unknown,unknown,unknown
IMG_000076,data/raw/berry_images/grade_1/sample_019/20260508_165556.jpg,Grade 1,unknown,unknown,unknown,unknown,unknown,unknown,unknown,unknown,unknown
IMG_000077,data/raw/berry_images/grade_1/sample_019/20260508_165620.jpg,Grade 1,unknown,unknown,unknown,unknown,unknown,unknown,unknown,unknown,unknown
IMG_000078,data/raw/berry_images/grade_1/sample_019/20260508_165709.jpg,Grade 1,unknown,unknown,unknown,unknown,unknown,unknown,unknown,unknown,unknown
IMG_000079,data/raw/berry_images/grade_1/sample_020/20260508_165320.jpg,Grade 1,unknown,unknown,unknown,unknown,unknown,unknown,unknown,unknown,unknown
IMG_000080,data/raw/berry_images/grade_1/sample_020/20260508_165352.jpg,Grade 1,unknown,unknown,unknown,unknown,unknown,unknown,unknown,unknown,unknown
IMG_000081,data/raw/berry_images/grade_1/sample_020/20260508_165413.jpg,Grade 1,unknown,unknown,unknown,unknown,unknown,unknown,unknown,unknown,unknown
IMG_000082,data/raw/berry_images/grade_1/sample_020/20260508_165436.jpg,Grade 1,unknown,unknown,unknown,unknown,unknown,unknown,unknown,unknown,unknown
IMG_000083,data/raw/berry_images/grade_1/sample_021/20260508_164838.jpg,Grade 1,unknown,unknown,unknown,unknown,unknown,unknown,unknown,unknown,unknown
IMG_000084,data/raw/berry_images/grade_1/sample_021/20260508_164909.jpg,Grade 1,unknown,unknown,unknown,unknown,unknown,unknown,unknown,unknown,unknown
IMG_000085,data/raw/berry_images/grade_1/sample_021/20260508_164939.jpg,Grade 1,unknown,unknown,unknown,unknown,unknown,unknown,unknown,unknown,unknown
IMG_000086,data/raw/berry_images/grade_1/sample_021/20260508_165022.jpg,Grade 1,unknown,unknown,unknown,unknown,unknown,unknown,unknown,unknown,unknown
IMG_000087,data/raw/berry_images/grade_1/sample_022/20260508_164536.jpg,Grade 1,unknown,unknown,unknown,unknown,unknown,unknown,unknown,unknown,unknown
IMG_000088,data/raw/berry_images/grade_1/sample_022/20260508_164619.jpg,Grade 1,unknown,unknown,unknown,unknown,unknown,unknown,unknown,unknown,unknown
IMG_000089,data/raw/berry_images/grade_1/sample_022/20260508_164703.jpg,Grade 1,unknown,unknown,unknown,unknown,unknown,unknown,unknown,unknown,unknown
IMG_000090,data/raw/berry_images/grade_1/sample_022/20260508_164749.jpg,Grade 1,unknown,unknown,unknown,unknown,unknown,unknown,unknown,unknown,unknown
IMG_000091,data/raw/berry_images/grade_1/sample_023/20260508_163950.jpg,Grade 1,unknown,unknown,unknown,unknown,unknown,unknown,unknown,unknown,unknown
IMG_000092,data/raw/berry_images/grade_1/sample_023/20260508_164014.jpg,Grade 1,unknown,unknown,unknown,unknown,unknown,unknown,unknown,unknown,unknown
IMG_000093,data/raw/berry_images/grade_1/sample_023/20260508_164304.jpg,Grade 1,unknown,unknown,unknown,unknown,unknown,unknown,unknown,unknown,unknown
IMG_000094,data/raw/berry_images/grade_1/sample_023/20260508_164406.jpg,Grade 1,unknown,unknown,unknown,unknown,unknown,unknown,unknown,unknown,unknown
IMG_000095,data/raw/berry_images/grade_1/sample_024/20260508_163438.jpg,Grade 1,unknown,unknown,unknown,unknown,unknown,unknown,unknown,unknown,unknown
IMG_000096,data/raw/berry_images/grade_1/sample_024/20260508_163524.jpg,Grade 1,unknown,unknown,unknown,unknown,unknown,unknown,unknown,unknown,unknown
IMG_000097,data/raw/berry_images/grade_1/sample_024/20260508_163552.jpg,Grade 1,unknown,unknown,unknown,unknown,unknown,unknown,unknown,unknown,unknown
IMG_000098,data/raw/berry_images/grade_1/sample_024/20260508_163636.jpg,Grade 1,unknown,unknown,unknown,unknown,unknown,unknown,unknown,unknown,unknown
IMG_000099,data/raw/berry_images/grade_1/sample_025/20260508_162023.jpg,Grade 1,unknown,unknown,unknown,unknown,unknown,unknown,unknown,unknown,unknown
IMG_000100,data/raw/berry_images/grade_1/sample_025/20260508_162048.jpg,Grade 1,unknown,unknown,unknown,unknown,unknown,unknown,unknown,unknown,unknown
IMG_000101,data/raw/berry_images/grade_1/sample_025/20260508_162111.jpg,Grade 1,unknown,unknown,unknown,unknown,unknown,unknown,unknown,unknown,unknown
IMG_000102,data/raw/berry_images/grade_1/sample_025/20260508_162138.jpg,Grade 1,unknown,unknown,unknown,unknown,unknown,unknown,unknown,unknown,unknown
IMG_000103,data/raw/berry_images/grade_1/sample_026/20260508_161727.jpg,Grade 1,unknown,unknown,unknown,unknown,unknown,unknown,unknown,unknown,unknown
IMG_000104,data/raw/berry_images/grade_1/sample_026/20260508_161754.jpg,Grade 1,unknown,unknown,unknown,unknown,unknown,unknown,unknown,unknown,unknown
IMG_000105,data/raw/berry_images/grade_1/sample_026/20260508_161833.jpg,Grade 1,unknown,unknown,unknown,unknown,unknown,unknown,unknown,unknown,unknown
IMG_000106,data/raw/berry_images/grade_1/sample_026/20260508_161909.jpg,Grade 1,unknown,unknown,unknown,unknown,unknown,unknown,unknown,unknown,unknown
IMG_000107,data/raw/berry_images/grade_1/sample_027/20260508_161304.jpg,Grade 1,unknown,unknown,unknown,unknown,unknown,unknown,unknown,unknown,unknown
IMG_000108,data/raw/berry_images/grade_1/sample_027/20260508_161335.jpg,Grade 1,unknown,unknown,unknown,unknown,unknown,unknown,unknown,unknown,unknown
IMG_000109,data/raw/berry_images/grade_1/sample_027/20260508_161421.jpg,Grade 1,unknown,unknown,unknown,unknown,unknown,unknown,unknown,unknown,unknown
IMG_000110,data/raw/berry_images/grade_1/sample_027/20260508_161500.jpg,Grade 1,unknown,unknown,unknown,unknown,unknown,unknown,unknown,unknown,unknown
IMG_000111,data/raw/berry_images/grade_1/sample_028/20260508_161536.jpg,Grade 1,unknown,unknown,unknown,unknown,unknown,unknown,unknown,unknown,unknown
IMG_000112,data/raw/berry_images/grade_1/sample_028/20260508_161610.jpg,Grade 1,unknown,unknown,unknown,unknown,unknown,unknown,unknown,unknown,unknown
IMG_000113,data/raw/berry_images/grade_1/sample_028/20260508_161651.jpg,Grade 1,unknown,unknown,unknown,unknown,unknown,unknown,unknown,unknown,unknown
IMG_000114,data/raw/berry_images/grade_1/sample_029/20260508_161059.jpg,Grade 1,unknown,unknown,unknown,unknown,unknown,unknown,unknown,unknown,unknown
IMG_000115,data/raw/berry_images/grade_1/sample_029/20260508_161122.jpg,Grade 1,unknown,unknown,unknown,unknown,unknown,unknown,unknown,unknown,unknown
IMG_000116,data/raw/berry_images/grade_1/sample_029/20260508_161151.jpg,Grade 1,unknown,unknown,unknown,unknown,unknown,unknown,unknown,unknown,unknown
IMG_000117,data/raw/berry_images/grade_1/sample_029/20260508_161224.jpg,Grade 1,unknown,unknown,unknown,unknown,unknown,unknown,unknown,unknown,unknown
IMG_000118,data/raw/berry_images/grade_1/sample_030/20260508_165742.jpg,Grade 1,unknown,unknown,unknown,unknown,unknown,unknown,unknown,unknown,unknown
IMG_000119,data/raw/berry_images/grade_1/sample_030/20260508_165811.jpg,Grade 1,unknown,unknown,unknown,unknown,unknown,unknown,unknown,unknown,unknown
IMG_000120,data/raw/berry_images/grade_1/sample_030/20260508_165828.jpg,Grade 1,unknown,unknown,unknown,unknown,unknown,unknown,unknown,unknown,unknown
IMG_000121,data/raw/berry_images/grade_2/sample_001/20260509_002615.jpg,Grade 2,unknown,unknown,unknown,unknown,unknown,unknown,unknown,unknown,unknown
IMG_000122,data/raw/berry_images/grade_2/sample_001/20260509_002644.jpg,Grade 2,unknown,unknown,unknown,unknown,unknown,unknown,unknown,unknown,unknown
IMG_000123,data/raw/berry_images/grade_2/sample_001/20260509_002710.jpg,Grade 2,unknown,unknown,unknown,unknown,unknown,unknown,unknown,unknown,unknown
IMG_000124,data/raw/berry_images/grade_2/sample_001/20260509_002734.jpg,Grade 2,unknown,unknown,unknown,unknown,unknown,unknown,unknown,unknown,unknown
IMG_000125,data/raw/berry_images/grade_2/sample_002/20260509_002353.jpg,Grade 2,unknown,unknown,unknown,unknown,unknown,unknown,unknown,unknown,unknown
IMG_000126,data/raw/berry_images/grade_2/sample_002/20260509_002440.jpg,Grade 2,unknown,unknown,unknown,unknown,unknown,unknown,unknown,unknown,unknown
IMG_000127,data/raw/berry_images/grade_2/sample_002/20260509_002457.jpg,Grade 2,unknown,unknown,unknown,unknown,unknown,unknown,unknown,unknown,unknown
IMG_000128,data/raw/berry_images/grade_2/sample_002/20260509_002547.jpg,Grade 2,unknown,unknown,unknown,unknown,unknown,unknown,unknown,unknown,unknown
IMG_000129,data/raw/berry_images/grade_2/sample_003/20260509_002205.jpg,Grade 2,unknown,unknown,unknown,unknown,unknown,unknown,unknown,unknown,unknown
IMG_000130,data/raw/berry_images/grade_2/sample_003/20260509_002221.jpg,Grade 2,unknown,unknown,unknown,unknown,unknown,unknown,unknown,unknown,unknown
IMG_000131,data/raw/berry_images/grade_2/sample_003/20260509_002248.jpg,Grade 2,unknown,unknown,unknown,unknown,unknown,unknown,unknown,unknown,unknown
IMG_000132,data/raw/berry_images/grade_2/sample_003/20260509_002305.jpg,Grade 2,unknown,unknown,unknown,unknown,unknown,unknown,unknown,unknown,unknown
IMG_000133,data/raw/berry_images/grade_2/sample_004/20260509_002032.jpg,Grade 2,unknown,unknown,unknown,unknown,unknown,unknown,unknown,unknown,unknown
IMG_000134,data/raw/berry_images/grade_2/sample_004/20260509_002047.jpg,Grade 2,unknown,unknown,unknown,unknown,unknown,unknown,unknown,unknown,unknown
IMG_000135,data/raw/berry_images/grade_2/sample_004/20260509_002109.jpg,Grade 2,unknown,unknown,unknown,unknown,unknown,unknown,unknown,unknown,unknown
IMG_000136,data/raw/berry_images/grade_2/sample_004/20260509_002145.jpg,Grade 2,unknown,unknown,unknown,unknown,unknown,unknown,unknown,unknown,unknown
IMG_000137,data/raw/berry_images/grade_2/sample_005/20260509_001854.jpg,Grade 2,unknown,unknown,unknown,unknown,unknown,unknown,unknown,unknown,unknown
IMG_000138,data/raw/berry_images/grade_2/sample_005/20260509_001911.jpg,Grade 2,unknown,unknown,unknown,unknown,unknown,unknown,unknown,unknown,unknown
IMG_000139,data/raw/berry_images/grade_2/sample_005/20260509_001932.jpg,Grade 2,unknown,unknown,unknown,unknown,unknown,unknown,unknown,unknown,unknown
IMG_000140,data/raw/berry_images/grade_2/sample_005/20260509_002002.jpg,Grade 2,unknown,unknown,unknown,unknown,unknown,unknown,unknown,unknown,unknown
IMG_000141,data/raw/berry_images/grade_2/sample_006/20260509_001725.jpg,Grade 2,unknown,unknown,unknown,unknown,unknown,unknown,unknown,unknown,unknown
IMG_000142,data/raw/berry_images/grade_2/sample_006/20260509_001753.jpg,Grade 2,unknown,unknown,unknown,unknown,unknown,unknown,unknown,unknown,unknown
IMG_000143,data/raw/berry_images/grade_2/sample_006/20260509_001812.jpg,Grade 2,unknown,unknown,unknown,unknown,unknown,unknown,unknown,unknown,unknown
IMG_000144,data/raw/berry_images/grade_2/sample_006/20260509_001833.jpg,Grade 2,unknown,unknown,unknown,unknown,unknown,unknown,unknown,unknown,unknown
IMG_000145,data/raw/berry_images/grade_2/sample_007/20260509_001527.jpg,Grade 2,unknown,unknown,unknown,unknown,unknown,unknown,unknown,unknown,unknown
IMG_000146,data/raw/berry_images/grade_2/sample_007/20260509_001545.jpg,Grade 2,unknown,unknown,unknown,unknown,unknown,unknown,unknown,unknown,unknown
IMG_000147,data/raw/berry_images/grade_2/sample_007/20260509_001631.jpg,Grade 2,unknown,unknown,unknown,unknown,unknown,unknown,unknown,unknown,unknown
IMG_000148,data/raw/berry_images/grade_2/sample_007/20260509_001651.jpg,Grade 2,unknown,unknown,unknown,unknown,unknown,unknown,unknown,unknown,unknown
IMG_000149,data/raw/berry_images/grade_2/sample_008/20260509_001412.jpg,Grade 2,unknown,unknown,unknown,unknown,unknown,unknown,unknown,unknown,unknown
IMG_000150,data/raw/berry_images/grade_2/sample_008/20260509_001425.jpg,Grade 2,unknown,unknown,unknown,unknown,unknown,unknown,unknown,unknown,unknown
IMG_000151,data/raw/berry_images/grade_2/sample_008/20260509_001446.jpg,Grade 2,unknown,unknown,unknown,unknown,unknown,unknown,unknown,unknown,unknown
IMG_000152,data/raw/berry_images/grade_2/sample_008/20260509_001508.jpg,Grade 2,unknown,unknown,unknown,unknown,unknown,unknown,unknown,unknown,unknown
IMG_000153,data/raw/berry_images/grade_2/sample_009/20260509_001228.jpg,Grade 2,unknown,unknown,unknown,unknown,unknown,unknown,unknown,unknown,unknown
IMG_000154,data/raw/berry_images/grade_2/sample_009/20260509_001248.jpg,Grade 2,unknown,unknown,unknown,unknown,unknown,unknown,unknown,unknown,unknown
IMG_000155,data/raw/berry_images/grade_2/sample_009/20260509_001313.jpg,Grade 2,unknown,unknown,unknown,unknown,unknown,unknown,unknown,unknown,unknown
IMG_000156,data/raw/berry_images/grade_2/sample_009/20260509_001331.jpg,Grade 2,unknown,unknown,unknown,unknown,unknown,unknown,unknown,unknown,unknown
IMG_000157,data/raw/berry_images/grade_2/sample_010/20260509_001109.jpg,Grade 2,unknown,unknown,unknown,unknown,unknown,unknown,unknown,unknown,unknown
IMG_000158,data/raw/berry_images/grade_2/sample_010/20260509_001124.jpg,Grade 2,unknown,unknown,unknown,unknown,unknown,unknown,unknown,unknown,unknown
IMG_000159,data/raw/berry_images/grade_2/sample_010/20260509_001142.jpg,Grade 2,unknown,unknown,unknown,unknown,unknown,unknown,unknown,unknown,unknown
IMG_000160,data/raw/berry_images/grade_2/sample_010/20260509_001203.jpg,Grade 2,unknown,unknown,unknown,unknown,unknown,unknown,unknown,unknown,unknown
IMG_000161,data/raw/berry_images/grade_2/sample_011/20260509_000955.jpg,Grade 2,unknown,unknown,unknown,unknown,unknown,unknown,unknown,unknown,unknown
IMG_000162,data/raw/berry_images/grade_2/sample_011/20260509_001012.jpg,Grade 2,unknown,unknown,unknown,unknown,unknown,unknown,unknown,unknown,unknown
IMG_000163,data/raw/berry_images/grade_2/sample_011/20260509_001027.jpg,Grade 2,unknown,unknown,unknown,unknown,unknown,unknown,unknown,unknown,unknown
IMG_000164,data/raw/berry_images/grade_2/sample_011/20260509_001046.jpg,Grade 2,unknown,unknown,unknown,unknown,unknown,unknown,unknown,unknown,unknown
IMG_000165,data/raw/berry_images/grade_2/sample_012/20260509_000814.jpg,Grade 2,unknown,unknown,unknown,unknown,unknown,unknown,unknown,unknown,unknown
IMG_000166,data/raw/berry_images/grade_2/sample_012/20260509_000826.jpg,Grade 2,unknown,unknown,unknown,unknown,unknown,unknown,unknown,unknown,unknown
IMG_000167,data/raw/berry_images/grade_2/sample_012/20260509_000849.jpg,Grade 2,unknown,unknown,unknown,unknown,unknown,unknown,unknown,unknown,unknown
IMG_000168,data/raw/berry_images/grade_2/sample_012/20260509_000912.jpg,Grade 2,unknown,unknown,unknown,unknown,unknown,unknown,unknown,unknown,unknown
IMG_000169,data/raw/berry_images/grade_2/sample_013/20260509_000648.jpg,Grade 2,unknown,unknown,unknown,unknown,unknown,unknown,unknown,unknown,unknown
IMG_000170,data/raw/berry_images/grade_2/sample_013/20260509_000702.jpg,Grade 2,unknown,unknown,unknown,unknown,unknown,unknown,unknown,unknown,unknown
IMG_000171,data/raw/berry_images/grade_2/sample_013/20260509_000726.jpg,Grade 2,unknown,unknown,unknown,unknown,unknown,unknown,unknown,unknown,unknown
IMG_000172,data/raw/berry_images/grade_2/sample_013/20260509_000749.jpg,Grade 2,unknown,unknown,unknown,unknown,unknown,unknown,unknown,unknown,unknown
IMG_000173,data/raw/berry_images/grade_2/sample_014/20260509_000525.jpg,Grade 2,unknown,unknown,unknown,unknown,unknown,unknown,unknown,unknown,unknown
IMG_000174,data/raw/berry_images/grade_2/sample_014/20260509_000541.jpg,Grade 2,unknown,unknown,unknown,unknown,unknown,unknown,unknown,unknown,unknown
IMG_000175,data/raw/berry_images/grade_2/sample_014/20260509_000559.jpg,Grade 2,unknown,unknown,unknown,unknown,unknown,unknown,unknown,unknown,unknown
IMG_000176,data/raw/berry_images/grade_2/sample_014/20260509_000624.jpg,Grade 2,unknown,unknown,unknown,unknown,unknown,unknown,unknown,unknown,unknown
IMG_000177,data/raw/berry_images/grade_2/sample_015/20260508_174914.jpg,Grade 2,unknown,unknown,unknown,unknown,unknown,unknown,unknown,unknown,unknown
IMG_000178,data/raw/berry_images/grade_2/sample_015/20260508_174942.jpg,Grade 2,unknown,unknown,unknown,unknown,unknown,unknown,unknown,unknown,unknown
IMG_000179,data/raw/berry_images/grade_2/sample_015/20260508_175021.jpg,Grade 2,unknown,unknown,unknown,unknown,unknown,unknown,unknown,unknown,unknown
IMG_000180,data/raw/berry_images/grade_2/sample_015/20260508_175052.jpg,Grade 2,unknown,unknown,unknown,unknown,unknown,unknown,unknown,unknown,unknown
IMG_000181,data/raw/berry_images/grade_2/sample_016/20260508_174638.jpg,Grade 2,unknown,unknown,unknown,unknown,unknown,unknown,unknown,unknown,unknown
IMG_000182,data/raw/berry_images/grade_2/sample_016/20260508_174707.jpg,Grade 2,unknown,unknown,unknown,unknown,unknown,unknown,unknown,unknown,unknown
IMG_000183,data/raw/berry_images/grade_2/sample_016/20260508_174753.jpg,Grade 2,unknown,unknown,unknown,unknown,unknown,unknown,unknown,unknown,unknown
IMG_000184,data/raw/berry_images/grade_2/sample_016/20260508_174823.jpg,Grade 2,unknown,unknown,unknown,unknown,unknown,unknown,unknown,unknown,unknown
IMG_000185,data/raw/berry_images/grade_2/sample_017/20260508_174344.jpg,Grade 2,unknown,unknown,unknown,unknown,unknown,unknown,unknown,unknown,unknown
IMG_000186,data/raw/berry_images/grade_2/sample_017/20260508_174445.jpg,Grade 2,unknown,unknown,unknown,unknown,unknown,unknown,unknown,unknown,unknown
IMG_000187,data/raw/berry_images/grade_2/sample_017/20260508_174532.jpg,Grade 2,unknown,unknown,unknown,unknown,unknown,unknown,unknown,unknown,unknown
IMG_000188,data/raw/berry_images/grade_2/sample_017/20260508_174610.jpg,Grade 2,unknown,unknown,unknown,unknown,unknown,unknown,unknown,unknown,unknown
IMG_000189,data/raw/berry_images/grade_2/sample_018/20260508_173954.jpg,Grade 2,unknown,unknown,unknown,unknown,unknown,unknown,unknown,unknown,unknown
IMG_000190,data/raw/berry_images/grade_2/sample_018/20260508_174150.jpg,Grade 2,unknown,unknown,unknown,unknown,unknown,unknown,unknown,unknown,unknown
IMG_000191,data/raw/berry_images/grade_2/sample_018/20260508_174231.jpg,Grade 2,unknown,unknown,unknown,unknown,unknown,unknown,unknown,unknown,unknown
IMG_000192,data/raw/berry_images/grade_2/sample_018/20260508_174307.jpg,Grade 2,unknown,unknown,unknown,unknown,unknown,unknown,unknown,unknown,unknown
IMG_000193,data/raw/berry_images/grade_2/sample_019/20260508_170549.jpg,Grade 2,unknown,unknown,unknown,unknown,unknown,unknown,unknown,unknown,unknown
IMG_000194,data/raw/berry_images/grade_2/sample_019/20260508_170609.jpg,Grade 2,unknown,unknown,unknown,unknown,unknown,unknown,unknown,unknown,unknown
IMG_000195,data/raw/berry_images/grade_2/sample_019/20260508_170625.jpg,Grade 2,unknown,unknown,unknown,unknown,unknown,unknown,unknown,unknown,unknown
IMG_000196,data/raw/berry_images/grade_2/sample_019/20260508_170845.jpg,Grade 2,unknown,unknown,unknown,unknown,unknown,unknown,unknown,unknown,unknown
IMG_000197,data/raw/berry_images/grade_2/sample_020/20260508_170329.jpg,Grade 2,unknown,unknown,unknown,unknown,unknown,unknown,unknown,unknown,unknown
IMG_000198,data/raw/berry_images/grade_2/sample_020/20260508_170346.jpg,Grade 2,unknown,unknown,unknown,unknown,unknown,unknown,unknown,unknown,unknown
IMG_000199,data/raw/berry_images/grade_2/sample_020/20260508_170429.jpg,Grade 2,unknown,unknown,unknown,unknown,unknown,unknown,unknown,unknown,unknown
IMG_000200,data/raw/berry_images/grade_2/sample_020/20260508_170500.jpg,Grade 2,unknown,unknown,unknown,unknown,unknown,unknown,unknown,unknown,unknown
IMG_000201,data/raw/berry_images/grade_2/sample_021/20260509_110556.jpg,Grade 2,unknown,unknown,unknown,unknown,unknown,unknown,unknown,unknown,unknown
IMG_000202,data/raw/berry_images/grade_2/sample_021/20260509_110700.jpg,Grade 2,unknown,unknown,unknown,unknown,unknown,unknown,unknown,unknown,unknown
IMG_000203,data/raw/berry_images/grade_2/sample_021/20260509_110734.jpg,Grade 2,unknown,unknown,unknown,unknown,unknown,unknown,unknown,unknown,unknown
IMG_000204,data/raw/berry_images/grade_2/sample_021/20260509_110801.jpg,Grade 2,unknown,unknown,unknown,unknown,unknown,unknown,unknown,unknown,unknown
IMG_000205,data/raw/berry_images/grade_2/sample_022/20260509_110334.jpg,Grade 2,unknown,unknown,unknown,unknown,unknown,unknown,unknown,unknown,unknown
IMG_000206,data/raw/berry_images/grade_2/sample_022/20260509_110357.jpg,Grade 2,unknown,unknown,unknown,unknown,unknown,unknown,unknown,unknown,unknown
IMG_000207,data/raw/berry_images/grade_2/sample_022/20260509_110427.jpg,Grade 2,unknown,unknown,unknown,unknown,unknown,unknown,unknown,unknown,unknown
IMG_000208,data/raw/berry_images/grade_2/sample_022/20260509_110456.jpg,Grade 2,unknown,unknown,unknown,unknown,unknown,unknown,unknown,unknown,unknown
IMG_000209,data/raw/berry_images/grade_2/sample_023/20260509_105951.jpg,Grade 2,unknown,unknown,unknown,unknown,unknown,unknown,unknown,unknown,unknown
IMG_000210,data/raw/berry_images/grade_2/sample_023/20260509_110009.jpg,Grade 2,unknown,unknown,unknown,unknown,unknown,unknown,unknown,unknown,unknown
IMG_000211,data/raw/berry_images/grade_2/sample_023/20260509_110042.jpg,Grade 2,unknown,unknown,unknown,unknown,unknown,unknown,unknown,unknown,unknown
IMG_000212,data/raw/berry_images/grade_2/sample_023/20260509_110108.jpg,Grade 2,unknown,unknown,unknown,unknown,unknown,unknown,unknown,unknown,unknown
IMG_000213,data/raw/berry_images/grade_2/sample_024/20260509_105739.jpg,Grade 2,unknown,unknown,unknown,unknown,unknown,unknown,unknown,unknown,unknown
IMG_000214,data/raw/berry_images/grade_2/sample_024/20260509_105816.jpg,Grade 2,unknown,unknown,unknown,unknown,unknown,unknown,unknown,unknown,unknown
IMG_000215,data/raw/berry_images/grade_2/sample_024/20260509_105846.jpg,Grade 2,unknown,unknown,unknown,unknown,unknown,unknown,unknown,unknown,unknown
IMG_000216,data/raw/berry_images/grade_2/sample_024/20260509_105908.jpg,Grade 2,unknown,unknown,unknown,unknown,unknown,unknown,unknown,unknown,unknown
IMG_000217,data/raw/berry_images/grade_2/sample_025/20260509_105455.jpg,Grade 2,unknown,unknown,unknown,unknown,unknown,unknown,unknown,unknown,unknown
IMG_000218,data/raw/berry_images/grade_2/sample_025/20260509_105601.jpg,Grade 2,unknown,unknown,unknown,unknown,unknown,unknown,unknown,unknown,unknown
IMG_000219,data/raw/berry_images/grade_2/sample_025/20260509_105622.jpg,Grade 2,unknown,unknown,unknown,unknown,unknown,unknown,unknown,unknown,unknown
IMG_000220,data/raw/berry_images/grade_2/sample_025/20260509_105652.jpg,Grade 2,unknown,unknown,unknown,unknown,unknown,unknown,unknown,unknown,unknown
IMG_000221,data/raw/berry_images/grade_2/sample_026/20260509_105056.jpg,Grade 2,unknown,unknown,unknown,unknown,unknown,unknown,unknown,unknown,unknown
IMG_000222,data/raw/berry_images/grade_2/sample_026/20260509_105134.jpg,Grade 2,unknown,unknown,unknown,unknown,unknown,unknown,unknown,unknown,unknown
IMG_000223,data/raw/berry_images/grade_2/sample_026/20260509_105208.jpg,Grade 2,unknown,unknown,unknown,unknown,unknown,unknown,unknown,unknown,unknown
IMG_000224,data/raw/berry_images/grade_2/sample_026/20260509_105300.jpg,Grade 2,unknown,unknown,unknown,unknown,unknown,unknown,unknown,unknown,unknown
IMG_000225,data/raw/berry_images/grade_2/sample_027/20260509_104619.jpg,Grade 2,unknown,unknown,unknown,unknown,unknown,unknown,unknown,unknown,unknown
IMG_000226,data/raw/berry_images/grade_2/sample_027/20260509_104744.jpg,Grade 2,unknown,unknown,unknown,unknown,unknown,unknown,unknown,unknown,unknown
IMG_000227,data/raw/berry_images/grade_2/sample_027/20260509_104808.jpg,Grade 2,unknown,unknown,unknown,unknown,unknown,unknown,unknown,unknown,unknown
IMG_000228,data/raw/berry_images/grade_2/sample_027/20260509_104828.jpg,Grade 2,unknown,unknown,unknown,unknown,unknown,unknown,unknown,unknown,unknown
IMG_000229,data/raw/berry_images/grade_2/sample_028/20260509_104054.jpg,Grade 2,unknown,unknown,unknown,unknown,unknown,unknown,unknown,unknown,unknown
IMG_000230,data/raw/berry_images/grade_2/sample_028/20260509_104209.jpg,Grade 2,unknown,unknown,unknown,unknown,unknown,unknown,unknown,unknown,unknown
IMG_000231,data/raw/berry_images/grade_2/sample_028/20260509_104304.jpg,Grade 2,unknown,unknown,unknown,unknown,unknown,unknown,unknown,unknown,unknown
IMG_000232,data/raw/berry_images/grade_2/sample_028/20260509_104444.jpg,Grade 2,unknown,unknown,unknown,unknown,unknown,unknown,unknown,unknown,unknown
IMG_000233,data/raw/berry_images/grade_2/sample_029/20260509_103706.jpg,Grade 2,unknown,unknown,unknown,unknown,unknown,unknown,unknown,unknown,unknown
IMG_000234,data/raw/berry_images/grade_2/sample_029/20260509_103800.jpg,Grade 2,unknown,unknown,unknown,unknown,unknown,unknown,unknown,unknown,unknown
IMG_000235,data/raw/berry_images/grade_2/sample_029/20260509_103837.jpg,Grade 2,unknown,unknown,unknown,unknown,unknown,unknown,unknown,unknown,unknown
IMG_000236,data/raw/berry_images/grade_2/sample_029/20260509_103935.jpg,Grade 2,unknown,unknown,unknown,unknown,unknown,unknown,unknown,unknown,unknown
IMG_000237,data/raw/berry_images/grade_2/sample_030/20260509_103253.jpg,Grade 2,unknown,unknown,unknown,unknown,unknown,unknown,unknown,unknown,unknown
IMG_000238,data/raw/berry_images/grade_2/sample_030/20260509_103427.jpg,Grade 2,unknown,unknown,unknown,unknown,unknown,unknown,unknown,unknown,unknown
IMG_000239,data/raw/berry_images/grade_2/sample_030/20260509_103512.jpg,Grade 2,unknown,unknown,unknown,unknown,unknown,unknown,unknown,unknown,unknown
IMG_000240,data/raw/berry_images/grade_2/sample_030/20260509_103611.jpg,Grade 2,unknown,unknown,unknown,unknown,unknown,unknown,unknown,unknown,unknown
IMG_000241,data/raw/berry_images/grade_3/20260508_174203.jpg,Grade 3,unknown,unknown,unknown,unknown,unknown,unknown,unknown,unknown,unknown
IMG_000242,data/raw/berry_images/grade_3/sample_001/20260508_171108.jpg,Grade 3,unknown,unknown,unknown,unknown,unknown,unknown,unknown,unknown,unknown
IMG_000243,data/raw/berry_images/grade_3/sample_001/20260508_171122.jpg,Grade 3,unknown,unknown,unknown,unknown,unknown,unknown,unknown,unknown,unknown
IMG_000244,data/raw/berry_images/grade_3/sample_001/20260508_171149.jpg,Grade 3,unknown,unknown,unknown,unknown,unknown,unknown,unknown,unknown,unknown
IMG_000245,data/raw/berry_images/grade_3/sample_001/20260508_171221.jpg,Grade 3,unknown,unknown,unknown,unknown,unknown,unknown,unknown,unknown,unknown
IMG_000246,data/raw/berry_images/grade_3/sample_002/20260508_171320.jpg,Grade 3,unknown,unknown,unknown,unknown,unknown,unknown,unknown,unknown,unknown
IMG_000247,data/raw/berry_images/grade_3/sample_002/20260508_171333.jpg,Grade 3,unknown,unknown,unknown,unknown,unknown,unknown,unknown,unknown,unknown
IMG_000248,data/raw/berry_images/grade_3/sample_002/20260508_171411.jpg,Grade 3,unknown,unknown,unknown,unknown,unknown,unknown,unknown,unknown,unknown
IMG_000249,data/raw/berry_images/grade_3/sample_002/20260508_171440.jpg,Grade 3,unknown,unknown,unknown,unknown,unknown,unknown,unknown,unknown,unknown
IMG_000250,data/raw/berry_images/grade_3/sample_003/20260508_171526.jpg,Grade 3,unknown,unknown,unknown,unknown,unknown,unknown,unknown,unknown,unknown
IMG_000251,data/raw/berry_images/grade_3/sample_003/20260508_171541.jpg,Grade 3,unknown,unknown,unknown,unknown,unknown,unknown,unknown,unknown,unknown
IMG_000252,data/raw/berry_images/grade_3/sample_003/20260508_171612.jpg,Grade 3,unknown,unknown,unknown,unknown,unknown,unknown,unknown,unknown,unknown
IMG_000253,data/raw/berry_images/grade_3/sample_003/20260508_171742.jpg,Grade 3,unknown,unknown,unknown,unknown,unknown,unknown,unknown,unknown,unknown
IMG_000254,data/raw/berry_images/grade_3/sample_004/20260508_171819.jpg,Grade 3,unknown,unknown,unknown,unknown,unknown,unknown,unknown,unknown,unknown
IMG_000255,data/raw/berry_images/grade_3/sample_004/20260508_171840.jpg,Grade 3,unknown,unknown,unknown,unknown,unknown,unknown,unknown,unknown,unknown
IMG_000256,data/raw/berry_images/grade_3/sample_004/20260508_171906.jpg,Grade 3,unknown,unknown,unknown,unknown,unknown,unknown,unknown,unknown,unknown
IMG_000257,data/raw/berry_images/grade_3/sample_004/20260508_171951.jpg,Grade 3,unknown,unknown,unknown,unknown,unknown,unknown,unknown,unknown,unknown
IMG_000258,data/raw/berry_images/grade_3/sample_005/20260508_172033.jpg,Grade 3,unknown,unknown,unknown,unknown,unknown,unknown,unknown,unknown,unknown
IMG_000259,data/raw/berry_images/grade_3/sample_005/20260508_172053.jpg,Grade 3,unknown,unknown,unknown,unknown,unknown,unknown,unknown,unknown,unknown
IMG_000260,data/raw/berry_images/grade_3/sample_005/20260508_172133.jpg,Grade 3,unknown,unknown,unknown,unknown,unknown,unknown,unknown,unknown,unknown
IMG_000261,data/raw/berry_images/grade_3/sample_005/20260508_172204.jpg,Grade 3,unknown,unknown,unknown,unknown,unknown,unknown,unknown,unknown,unknown
IMG_000262,data/raw/berry_images/grade_3/sample_006/20260508_172429.jpg,Grade 3,unknown,unknown,unknown,unknown,unknown,unknown,unknown,unknown,unknown
IMG_000263,data/raw/berry_images/grade_3/sample_006/20260508_172507.jpg,Grade 3,unknown,unknown,unknown,unknown,unknown,unknown,unknown,unknown,unknown
IMG_000264,data/raw/berry_images/grade_3/sample_006/20260508_172546.jpg,Grade 3,unknown,unknown,unknown,unknown,unknown,unknown,unknown,unknown,unknown
IMG_000265,data/raw/berry_images/grade_3/sample_006/20260508_172623.jpg,Grade 3,unknown,unknown,unknown,unknown,unknown,unknown,unknown,unknown,unknown
IMG_000266,data/raw/berry_images/grade_3/sample_007/20260508_172723.jpg,Grade 3,unknown,unknown,unknown,unknown,unknown,unknown,unknown,unknown,unknown
IMG_000267,data/raw/berry_images/grade_3/sample_007/20260508_172748.jpg,Grade 3,unknown,unknown,unknown,unknown,unknown,unknown,unknown,unknown,unknown
IMG_000268,data/raw/berry_images/grade_3/sample_007/20260508_172832.jpg,Grade 3,unknown,unknown,unknown,unknown,unknown,unknown,unknown,unknown,unknown
IMG_000269,data/raw/berry_images/grade_3/sample_007/20260508_172859.jpg,Grade 3,unknown,unknown,unknown,unknown,unknown,unknown,unknown,unknown,unknown
IMG_000270,data/raw/berry_images/grade_3/sample_008/20260508_172956.jpg,Grade 3,unknown,unknown,unknown,unknown,unknown,unknown,unknown,unknown,unknown
IMG_000271,data/raw/berry_images/grade_3/sample_008/20260508_173020.jpg,Grade 3,unknown,unknown,unknown,unknown,unknown,unknown,unknown,unknown,unknown
IMG_000272,data/raw/berry_images/grade_3/sample_008/20260508_173106.jpg,Grade 3,unknown,unknown,unknown,unknown,unknown,unknown,unknown,unknown,unknown
IMG_000273,data/raw/berry_images/grade_3/sample_008/20260508_173145.jpg,Grade 3,unknown,unknown,unknown,unknown,unknown,unknown,unknown,unknown,unknown
IMG_000274,data/raw/berry_images/grade_3/sample_009/20260508_173229.jpg,Grade 3,unknown,unknown,unknown,unknown,unknown,unknown,unknown,unknown,unknown
IMG_000275,data/raw/berry_images/grade_3/sample_009/20260508_173303.jpg,Grade 3,unknown,unknown,unknown,unknown,unknown,unknown,unknown,unknown,unknown
IMG_000276,data/raw/berry_images/grade_3/sample_009/20260508_173344.jpg,Grade 3,unknown,unknown,unknown,unknown,unknown,unknown,unknown,unknown,unknown
IMG_000277,data/raw/berry_images/grade_3/sample_009/20260508_173419.jpg,Grade 3,unknown,unknown,unknown,unknown,unknown,unknown,unknown,unknown,unknown
IMG_000278,data/raw/berry_images/grade_3/sample_010/20260508_173531.jpg,Grade 3,unknown,unknown,unknown,unknown,unknown,unknown,unknown,unknown,unknown
IMG_000279,data/raw/berry_images/grade_3/sample_010/20260508_173641.jpg,Grade 3,unknown,unknown,unknown,unknown,unknown,unknown,unknown,unknown,unknown
IMG_000280,data/raw/berry_images/grade_3/sample_010/20260508_173725.jpg,Grade 3,unknown,unknown,unknown,unknown,unknown,unknown,unknown,unknown,unknown
IMG_000281,data/raw/berry_images/grade_3/sample_011/20260508_232306.jpg,Grade 3,unknown,unknown,unknown,unknown,unknown,unknown,unknown,unknown,unknown
IMG_000282,data/raw/berry_images/grade_3/sample_011/20260508_232327.jpg,Grade 3,unknown,unknown,unknown,unknown,unknown,unknown,unknown,unknown,unknown
IMG_000283,data/raw/berry_images/grade_3/sample_011/20260508_232348.jpg,Grade 3,unknown,unknown,unknown,unknown,unknown,unknown,unknown,unknown,unknown
IMG_000284,data/raw/berry_images/grade_3/sample_011/20260508_232421.jpg,Grade 3,unknown,unknown,unknown,unknown,unknown,unknown,unknown,unknown,unknown
IMG_000285,data/raw/berry_images/grade_3/sample_012/20260508_232450.jpg,Grade 3,unknown,unknown,unknown,unknown,unknown,unknown,unknown,unknown,unknown
IMG_000286,data/raw/berry_images/grade_3/sample_012/20260508_232510.jpg,Grade 3,unknown,unknown,unknown,unknown,unknown,unknown,unknown,unknown,unknown
IMG_000287,data/raw/berry_images/grade_3/sample_012/20260508_232526.jpg,Grade 3,unknown,unknown,unknown,unknown,unknown,unknown,unknown,unknown,unknown
IMG_000288,data/raw/berry_images/grade_3/sample_012/20260508_232616.jpg,Grade 3,unknown,unknown,unknown,unknown,unknown,unknown,unknown,unknown,unknown
IMG_000289,data/raw/berry_images/grade_3/sample_013/20260508_232637.jpg,Grade 3,unknown,unknown,unknown,unknown,unknown,unknown,unknown,unknown,unknown
IMG_000290,data/raw/berry_images/grade_3/sample_013/20260508_232716.jpg,Grade 3,unknown,unknown,unknown,unknown,unknown,unknown,unknown,unknown,unknown
IMG_000291,data/raw/berry_images/grade_3/sample_013/20260508_232746.jpg,Grade 3,unknown,unknown,unknown,unknown,unknown,unknown,unknown,unknown,unknown
IMG_000292,data/raw/berry_images/grade_3/sample_013/20260508_232804.jpg,Grade 3,unknown,unknown,unknown,unknown,unknown,unknown,unknown,unknown,unknown
IMG_000293,data/raw/berry_images/grade_3/sample_014/20260508_232837.jpg,Grade 3,unknown,unknown,unknown,unknown,unknown,unknown,unknown,unknown,unknown
IMG_000294,data/raw/berry_images/grade_3/sample_014/20260508_232900.jpg,Grade 3,unknown,unknown,unknown,unknown,unknown,unknown,unknown,unknown,unknown
IMG_000295,data/raw/berry_images/grade_3/sample_014/20260508_232931.jpg,Grade 3,unknown,unknown,unknown,unknown,unknown,unknown,unknown,unknown,unknown
IMG_000296,data/raw/berry_images/grade_3/sample_014/20260508_232956.jpg,Grade 3,unknown,unknown,unknown,unknown,unknown,unknown,unknown,unknown,unknown
IMG_000297,data/raw/berry_images/grade_3/sample_015/20260508_233027.jpg,Grade 3,unknown,unknown,unknown,unknown,unknown,unknown,unknown,unknown,unknown
IMG_000298,data/raw/berry_images/grade_3/sample_015/20260508_233054.jpg,Grade 3,unknown,unknown,unknown,unknown,unknown,unknown,unknown,unknown,unknown
IMG_000299,data/raw/berry_images/grade_3/sample_015/20260508_233118.jpg,Grade 3,unknown,unknown,unknown,unknown,unknown,unknown,unknown,unknown,unknown
IMG_000300,data/raw/berry_images/grade_3/sample_015/20260508_233147.jpg,Grade 3,unknown,unknown,unknown,unknown,unknown,unknown,unknown,unknown,unknown
IMG_000301,data/raw/berry_images/grade_3/sample_016/20260508_233255.jpg,Grade 3,unknown,unknown,unknown,unknown,unknown,unknown,unknown,unknown,unknown
IMG_000302,data/raw/berry_images/grade_3/sample_016/20260508_233317.jpg,Grade 3,unknown,unknown,unknown,unknown,unknown,unknown,unknown,unknown,unknown
IMG_000303,data/raw/berry_images/grade_3/sample_016/20260508_233339.jpg,Grade 3,unknown,unknown,unknown,unknown,unknown,unknown,unknown,unknown,unknown
IMG_000304,data/raw/berry_images/grade_3/sample_016/20260508_233357.jpg,Grade 3,unknown,unknown,unknown,unknown,unknown,unknown,unknown,unknown,unknown
IMG_000305,data/raw/berry_images/grade_3/sample_017/20260508_233422.jpg,Grade 3,unknown,unknown,unknown,unknown,unknown,unknown,unknown,unknown,unknown
IMG_000306,data/raw/berry_images/grade_3/sample_017/20260508_233452.jpg,Grade 3,unknown,unknown,unknown,unknown,unknown,unknown,unknown,unknown,unknown
IMG_000307,data/raw/berry_images/grade_3/sample_017/20260508_233518.jpg,Grade 3,unknown,unknown,unknown,unknown,unknown,unknown,unknown,unknown,unknown
IMG_000308,data/raw/berry_images/grade_3/sample_017/20260508_233543.jpg,Grade 3,unknown,unknown,unknown,unknown,unknown,unknown,unknown,unknown,unknown
IMG_000309,data/raw/berry_images/grade_3/sample_018/20260508_233612.jpg,Grade 3,unknown,unknown,unknown,unknown,unknown,unknown,unknown,unknown,unknown
IMG_000310,data/raw/berry_images/grade_3/sample_018/20260508_233631.jpg,Grade 3,unknown,unknown,unknown,unknown,unknown,unknown,unknown,unknown,unknown
IMG_000311,data/raw/berry_images/grade_3/sample_018/20260508_233704.jpg,Grade 3,unknown,unknown,unknown,unknown,unknown,unknown,unknown,unknown,unknown
IMG_000312,data/raw/berry_images/grade_3/sample_018/20260508_233724.jpg,Grade 3,unknown,unknown,unknown,unknown,unknown,unknown,unknown,unknown,unknown
IMG_000313,data/raw/berry_images/grade_3/sample_019/20260508_233746.jpg,Grade 3,unknown,unknown,unknown,unknown,unknown,unknown,unknown,unknown,unknown
IMG_000314,data/raw/berry_images/grade_3/sample_019/20260508_233804.jpg,Grade 3,unknown,unknown,unknown,unknown,unknown,unknown,unknown,unknown,unknown
IMG_000315,data/raw/berry_images/grade_3/sample_019/20260508_233838.jpg,Grade 3,unknown,unknown,unknown,unknown,unknown,unknown,unknown,unknown,unknown
IMG_000316,data/raw/berry_images/grade_3/sample_019/20260508_233906.jpg,Grade 3,unknown,unknown,unknown,unknown,unknown,unknown,unknown,unknown,unknown
IMG_000317,data/raw/berry_images/grade_3/sample_020/20260508_234005.jpg,Grade 3,unknown,unknown,unknown,unknown,unknown,unknown,unknown,unknown,unknown
IMG_000318,data/raw/berry_images/grade_3/sample_020/20260508_234023.jpg,Grade 3,unknown,unknown,unknown,unknown,unknown,unknown,unknown,unknown,unknown
IMG_000319,data/raw/berry_images/grade_3/sample_020/20260508_234055.jpg,Grade 3,unknown,unknown,unknown,unknown,unknown,unknown,unknown,unknown,unknown
IMG_000320,data/raw/berry_images/grade_3/sample_020/20260508_234128.jpg,Grade 3,unknown,unknown,unknown,unknown,unknown,unknown,unknown,unknown,unknown
IMG_000321,data/raw/berry_images/grade_3/sample_021/20260508_234201.jpg,Grade 3,unknown,unknown,unknown,unknown,unknown,unknown,unknown,unknown,unknown
IMG_000322,data/raw/berry_images/grade_3/sample_021/20260508_234220.jpg,Grade 3,unknown,unknown,unknown,unknown,unknown,unknown,unknown,unknown,unknown
IMG_000323,data/raw/berry_images/grade_3/sample_021/20260508_234247.jpg,Grade 3,unknown,unknown,unknown,unknown,unknown,unknown,unknown,unknown,unknown
IMG_000324,data/raw/berry_images/grade_3/sample_021/20260508_234330.jpg,Grade 3,unknown,unknown,unknown,unknown,unknown,unknown,unknown,unknown,unknown
IMG_000325,data/raw/berry_images/grade_3/sample_022/20260508_234350.jpg,Grade 3,unknown,unknown,unknown,unknown,unknown,unknown,unknown,unknown,unknown
IMG_000326,data/raw/berry_images/grade_3/sample_022/20260508_234418.jpg,Grade 3,unknown,unknown,unknown,unknown,unknown,unknown,unknown,unknown,unknown
IMG_000327,data/raw/berry_images/grade_3/sample_022/20260508_234447.jpg,Grade 3,unknown,unknown,unknown,unknown,unknown,unknown,unknown,unknown,unknown
IMG_000328,data/raw/berry_images/grade_3/sample_022/20260508_234533.jpg,Grade 3,unknown,unknown,unknown,unknown,unknown,unknown,unknown,unknown,unknown
IMG_000329,data/raw/berry_images/grade_3/sample_023/20260508_234559.jpg,Grade 3,unknown,unknown,unknown,unknown,unknown,unknown,unknown,unknown,unknown
IMG_000330,data/raw/berry_images/grade_3/sample_023/20260508_234615.jpg,Grade 3,unknown,unknown,unknown,unknown,unknown,unknown,unknown,unknown,unknown
IMG_000331,data/raw/berry_images/grade_3/sample_023/20260508_234644.jpg,Grade 3,unknown,unknown,unknown,unknown,unknown,unknown,unknown,unknown,unknown
IMG_000332,data/raw/berry_images/grade_3/sample_023/20260508_234721.jpg,Grade 3,unknown,unknown,unknown,unknown,unknown,unknown,unknown,unknown,unknown
IMG_000333,data/raw/berry_images/grade_3/sample_024/20260508_234816.jpg,Grade 3,unknown,unknown,unknown,unknown,unknown,unknown,unknown,unknown,unknown
IMG_000334,data/raw/berry_images/grade_3/sample_024/20260508_234841.jpg,Grade 3,unknown,unknown,unknown,unknown,unknown,unknown,unknown,unknown,unknown
IMG_000335,data/raw/berry_images/grade_3/sample_024/20260508_234940.jpg,Grade 3,unknown,unknown,unknown,unknown,unknown,unknown,unknown,unknown,unknown
IMG_000336,data/raw/berry_images/grade_3/sample_024/20260508_235019.jpg,Grade 3,unknown,unknown,unknown,unknown,unknown,unknown,unknown,unknown,unknown
IMG_000337,data/raw/berry_images/grade_3/sample_025/20260508_235045.jpg,Grade 3,unknown,unknown,unknown,unknown,unknown,unknown,unknown,unknown,unknown
IMG_000338,data/raw/berry_images/grade_3/sample_025/20260508_235108.jpg,Grade 3,unknown,unknown,unknown,unknown,unknown,unknown,unknown,unknown,unknown
IMG_000339,data/raw/berry_images/grade_3/sample_025/20260508_235132.jpg,Grade 3,unknown,unknown,unknown,unknown,unknown,unknown,unknown,unknown,unknown
IMG_000340,data/raw/berry_images/grade_3/sample_025/20260508_235156.jpg,Grade 3,unknown,unknown,unknown,unknown,unknown,unknown,unknown,unknown,unknown
IMG_000341,data/raw/berry_images/grade_3/sample_026/20260508_235227.jpg,Grade 3,unknown,unknown,unknown,unknown,unknown,unknown,unknown,unknown,unknown
IMG_000342,data/raw/berry_images/grade_3/sample_026/20260508_235252.jpg,Grade 3,unknown,unknown,unknown,unknown,unknown,unknown,unknown,unknown,unknown
IMG_000343,data/raw/berry_images/grade_3/sample_026/20260508_235321.jpg,Grade 3,unknown,unknown,unknown,unknown,unknown,unknown,unknown,unknown,unknown
IMG_000344,data/raw/berry_images/grade_3/sample_026/20260508_235341.jpg,Grade 3,unknown,unknown,unknown,unknown,unknown,unknown,unknown,unknown,unknown
IMG_000345,data/raw/berry_images/grade_3/sample_027/20260508_235409.jpg,Grade 3,unknown,unknown,unknown,unknown,unknown,unknown,unknown,unknown,unknown
IMG_000346,data/raw/berry_images/grade_3/sample_027/20260508_235425.jpg,Grade 3,unknown,unknown,unknown,unknown,unknown,unknown,unknown,unknown,unknown
IMG_000347,data/raw/berry_images/grade_3/sample_027/20260508_235505.jpg,Grade 3,unknown,unknown,unknown,unknown,unknown,unknown,unknown,unknown,unknown
IMG_000348,data/raw/berry_images/grade_3/sample_027/20260508_235532.jpg,Grade 3,unknown,unknown,unknown,unknown,unknown,unknown,unknown,unknown,unknown
IMG_000349,data/raw/berry_images/grade_3/sample_028/20260508_235552.jpg,Grade 3,unknown,unknown,unknown,unknown,unknown,unknown,unknown,unknown,unknown
IMG_000350,data/raw/berry_images/grade_3/sample_028/20260508_235625.jpg,Grade 3,unknown,unknown,unknown,unknown,unknown,unknown,unknown,unknown,unknown
IMG_000351,data/raw/berry_images/grade_3/sample_028/20260508_235702.jpg,Grade 3,unknown,unknown,unknown,unknown,unknown,unknown,unknown,unknown,unknown
IMG_000352,data/raw/berry_images/grade_3/sample_028/20260508_235724.jpg,Grade 3,unknown,unknown,unknown,unknown,unknown,unknown,unknown,unknown,unknown
IMG_000353,data/raw/berry_images/grade_3/sample_029/20260508_235758.jpg,Grade 3,unknown,unknown,unknown,unknown,unknown,unknown,unknown,unknown,unknown
IMG_000354,data/raw/berry_images/grade_3/sample_029/20260508_235821.jpg,Grade 3,unknown,unknown,unknown,unknown,unknown,unknown,unknown,unknown,unknown
IMG_000355,data/raw/berry_images/grade_3/sample_029/20260508_235850.jpg,Grade 3,unknown,unknown,unknown,unknown,unknown,unknown,unknown,unknown,unknown
IMG_000356,data/raw/berry_images/grade_3/sample_029/20260508_235922.jpg,Grade 3,unknown,unknown,unknown,unknown,unknown,unknown,unknown,unknown,unknown
IMG_000357,data/raw/berry_images/grade_3/sample_030/20260509_000027.jpg,Grade 3,unknown,unknown,unknown,unknown,unknown,unknown,unknown,unknown,unknown
IMG_000358,data/raw/berry_images/grade_3/sample_030/20260509_000050.jpg,Grade 3,unknown,unknown,unknown,unknown,unknown,unknown,unknown,unknown,unknown
IMG_000359,data/raw/berry_images/grade_3/sample_030/20260509_000126.jpg,Grade 3,unknown,unknown,unknown,unknown,unknown,unknown,unknown,unknown,unknown
IMG_000360,data/raw/berry_images/grade_3/sample_030/20260509_000203.jpg,Grade 3,unknown,unknown,unknown,unknown,unknown,unknown,unknown,unknown,unknown
